rank,term_left,term_right,tfidf_left,tfidf_right
0,let_us,feel_like,0.220342683781,0.184894392737
1,email_address,20_years,0.17645157915,0.12926746453
2,eligible_news_publisher,new_orleans,0.167048210342,0.126066933528
3,available_without_charge,first_place,0.167048210342,0.118589586763
4,daily_caller_news_foundation,yet_another,0.155696689779,0.104881117694
5,original_content_please_contact_email_protected,every_year,0.150543545286,0.10202046609
6,large_audience,vast_majority,0.120233611091,0.0936650975461
7,licensing_opportunities,rights_reserved,0.118856177488,0.0912292951908
8,aborted_babies,let_us,0.11794567053,0.0905212131108
9,yet_another,least_one,0.0947627626053,0.0890200791011
10,least_one,police_brutality,0.0945993382796,0.0882270271715
11,first_place,material_may,0.0912374664355,0.0880004409059
12,campaign_trail,rewritten_or_redistributed,0.0901868814842,0.0878021779235
13,feel_like,good_news,0.0872218972884,0.0850264961698
14,weeks_ago,lgbt_community,0.0851674200503,0.0847999099042
15,20_years,90_percent,0.0797277246359,0.0778607055199
16,presidential_candidate_donald_trump,months_ago,0.0788172176781,0.0774358562719
17,republican_national_convention,three_times,0.0776265547334,0.076472864643
18,daily_signal,weeks_ago,0.0756421164921,0.0761329852446
19,democrat_party,ever_since,0.0753853068373,0.0742919718366
20,months_ago,campaign_trail,0.0736109855863,0.0737538294557
21,vast_majority,north_dakota,0.0727938639575,0.0728474843933
22,good_news,federal_judge,0.0711362743677,0.0705816217372
23,national_anthem,juan_gonzlez,0.0694319921134,0.06927875071
24,take_place,many_ways,0.0692685677876,0.0675510304347
25,state_hillary_clinton,black_lives_matter_movement,0.0658133106145,0.0666163620891
26,black_lives_matter_movement,take_place,0.0652763449728,0.0657383403098
27,american_flag,white_men,0.0646693403343,0.064492115849
28,every_year,weve_seen,0.0643191453505,0.0638690036185
29,republican_voters,much_less,0.0636421017152,0.0637840337689
30,islamic_state_group,take_care,0.0619378194609,0.0632175681049
31,oval_office,get_rid,0.0612841221579,0.0630193051225
32,capitol_hill,republican_national_convention,0.0604903468614,0.0612349382808
33,take_care,60_percent,0.0582957916298,0.0612066149976
34,election_day,election_day,0.0579222503138,0.0604702096344
35,federal_judge,past_year,0.0573385920076,0.059422248156
36,ever_since,los_angeles_times,0.056731587369,0.0584026099607
37,privacy_policy,feels_like,0.0556576560855,0.0577228511639
38,three_times,next_day,0.0555876170888,0.0564483034198
39,republican_nomination,much_better,0.0546070711342,0.0564199801366
40,black_community,black_community,0.0540701054925,0.0555419583574
41,share_your_thoughts,great_deal,0.0531595985347,0.0552587255254
42,latest_video_at_videofoxnewscom,american_politics,0.0525292475639,0.0550321392598
43,get_rid,looked_like,0.0514319699481,0.0547205831446
44,next_day,lgbt_rights,0.0507082336484,0.0546072900118
45,much_better,days_later,0.0504514239936,0.0535310052501
46,much_less,white_supremacy,0.0498677656874,0.0534460354005
47,comments_section,take_action,0.0497743803584,0.0516616685589
48,weve_seen,making_sure,0.0496576486971,0.0515200521429
49,days_later,whole_thing,0.0486771027426,0.0507836467796
50,constitutional_rights,move_forward,0.0473697081365,0.0507270002132
51,friday_night,makes_sense,0.0468093961625,0.0500755646996
52,past_year,final_form,0.0464592011788,0.0495940688852
53,interesting_story,rush_transcript,0.0462490841885,0.0493108360532
54,president_george_w,make_sense,0.0461790451918,0.04928251277
55,bear_arms,fossil_fuel_industry,0.0459455818693,0.0491975429204
56,open_borders,republican_voters,0.0458755428725,0.0490559265044
57,whole_thing,copy_may,0.0456187332177,0.0489992799379
58,republican_establishment,white_supremacists,0.0450117285792,0.0487726936723
59,looked_like,police_violence,0.04470822626,0.0485177841235
60,great_deal,presidential_candidate_donald_trump,0.044521455602,0.0465918008659
61,gop_establishment,tells_us,0.0438444119667,0.045770425653
62,thus_far,10_million,0.0437510266377,0.045062343573
63,im_gon_na,bill_cosby,0.0415097787416,0.045062343573
64,long_ago,long_ago,0.0411362374256,0.0449490504402
65,days_ago,100_million,0.0408093887741,0.0437877958289
66,doesnt_matter,common_dreams,0.0406459644484,0.0435895328465
67,terrorist_groups,public_education,0.0404358474581,0.0435612095633
68,bad_news,voting_rights_act,0.0404358474581,0.0435328862801
69,gop_nomination,public_safety,0.0394319551713,0.0431930068817
70,take_action,doesnt_matter,0.0391751455166,0.0429380973329
71,sanctuary_cities,thus_far,0.0390817601876,0.0418618125713
72,recent_weeks,large_part,0.0389650285263,0.0416352263057
73,tells_us,bad_news,0.0388249505328,0.0416069030225
74,des_moines,whole_lot,0.0387782578683,0.0415502564561
75,60_percent,capitol_hill,0.0387315652038,0.0414936098897
76,told_wnd,study_published,0.0386148335426,0.0414652866065
77,soviet_union,four_times,0.038568140878,0.0413519934736
78,texas_sen_ted_cruz,democratic_nomination,0.0385214482135,0.0413236701904
79,refugee_resettlement,constitutional_rights,0.0384047165523,0.0400774457296
80,white_privilege,put_together,0.0384047165523,0.0396525964816
81,reprinted_with_permission,look_forward,0.0378444045783,0.0394826567824
82,real_estate_mogul,ive_seen,0.0377510192493,0.0393693636496
83,taxpayer_dollars,senator_sanders,0.037727672917,0.0392843938
84,100_million,trans_women,0.03744751693,0.0392560705168
85,los_angeles_times,sandra_bland,0.0374241705978,0.0391994239504
86,making_sure,much_money,0.0372373999398,0.0391994239504
87,college_campuses,friday_night,0.036420278311,0.0389445144015
88,least_two,radio_show,0.0363735856465,0.0387462514191
89,move_forward,oval_office,0.0363502393142,0.0386329582863
90,mr_obama,political_revolution,0.036140122324,0.0380664926223
91,contested_convention,new_york_state,0.0360934296595,0.0377832597903
92,radio_show,nicki_minaj,0.0360000443305,0.0375000269583
93,gop_front-runner,next_month,0.0359766979982,0.0374717036751
94,new_orleans,el_nio,0.035953351666,0.0369902078607
95,10_million,national_anthem,0.035953351666,0.0366786517455
96,held_accountable,nearly_every,0.0358132736725,0.0366503284623
97,next_month,sen_sanders,0.035673195679,0.0364520654799
98,public_safety,college_students,0.0348327277179,0.0363954189134
99,vice_president_joe_biden,take_advantage,0.0344591864019,0.0363954189134
100,gop_candidate,republican_nomination,0.0344591864019,0.036197155931
101,border_security,des_moines,0.0342490694117,0.035913923099
102,pro-life_movement,nt_need,0.0342257230794,0.035772306683
103,going_forward,senate_republicans,0.0338755280957,0.0355173971342
104,look_forward,nearly_half,0.0338521817634,0.0355173971342
105,nt_care,pop_culture,0.0338054890989,0.0354324272846
106,lgbt_community,president_george_w,0.0337587964344,0.0351775177358
107,christian_faith,browser_does_not_support_iframes,0.0336887574377,0.0350359013198
108,chief_executive,3_million,0.0336654111054,0.0349509314702
109,first_ballot,one_reason,0.0334786404474,0.034922608187
110,many_ways,held_accountable,0.0332685234572,0.0348942849038
111,90_percent,wan_na,0.0330817527992,0.034639375355
112,support_donald_trump,big_banks,0.0328015968121,0.034639375355
113,advertisement_story_continues_below_according,credit_shutterstock,0.032681205559,0.0345544055054
114,makes_sense,southern_poverty_law_center,0.0325914798219,0.034497758939
115,take_advantage,real_estate_mogul,0.0324980944929,0.0342994959566
116,make_sense,american_civil_liberties,0.0322412848381,0.034072909691
117,american_politics,going_forward,0.0321712458414,0.0340445864078
118,young_girls,breast_cancer,0.0321478995091,0.033931293275
119,north_dakota,future_generations,0.0317276655286,0.0338180001421
120,mr_trumps,soviet_union,0.0316809728641,0.0338180001421
121,advertisement_story_continues_below_trump,international_law,0.0313687073438,0.0338180001421
122,recent_months,pregnant_women,0.0310973145578,0.0337896768589
123,passed_away,alton_sterling,0.0308638512353,0.0337613535757
124,recent_interview,greenhouse_gases,0.0308405049031,0.0334214741773
125,college_students,top_10,0.0307004269096,0.0333648276109
126,registered_voters,openly_gay,0.0306537342451,0.0333648276109
127,45_percent,conspiracy_theory,0.0303502319258,0.0333081810445
128,put_together,least_two,0.0303502319258,0.0331948879117
129,oil_prices,public_service,0.0298833052808,0.0329966249293
130,whole_lot,paris_agreement,0.0297665736196,0.0329116550797
131,pop_culture,title_ix,0.0297432272873,0.0326850688141
132,determine_whether,sea_level_rise,0.0295331102971,0.0325151291149
133,federal_agencies,go_ahead,0.0292763006423,0.0325151291149
134,paul_joseph_watson,days_ago,0.0289261056585,0.0324868058317
135,osama_bin_laden,determine_whether,0.0287626813328,0.0322035729997
136,little_sisters,dylann_roof,0.0284358326813,0.0321752497165
137,globalist_agenda,vietnam_war,0.028412486349,0.0318920168845
138,white_men,heart_disease,0.028412486349,0.0317787237517
139,every_member,state_hillary_clinton,0.0283657936845,0.0316654306189
140,rudy_giuliani,past_decade,0.0282490620233,0.0313538745036
141,national_debt,decade_ago,0.0281556766943,0.0311556115212
142,title_ix,racial_justice,0.0279922523685,0.0311556115212
143,ive_seen,past_few_years,0.0278755207073,0.031127288238
144,little_boy,chief_executive,0.0278288280428,0.0310706416716
145,much_worse,student_debt,0.027758789046,0.0310423183884
146,go_ahead,hb_2,0.027665403717,0.0309290252556
147,bizpac_review,board_member,0.0276420573848,0.030844055406
148,foreign_governments,high_levels,0.0275253257235,0.030844055406
149,never_mind,solar_panels,0.027478633059,0.0306457924236
150,one_reason,pay_attention,0.0274319403945,0.0305041760076
151,insurance_companies,eric_garner,0.0273619013977,0.0303625595916
152,recent_days,reality_show,0.0273385550655,0.0303342363084
153,democratic_nomination,tampa_bay_times,0.0272451697365,0.030277589742
154,thats_exactly,recent_weeks,0.0272218234042,0.030277589742
155,senior_fellow,state_legislatures,0.0271751307397,0.0301642966092
156,double_standard,south_florida,0.0270817454107,0.029852740494
157,senate_majority_leader_mitch_mcconnell,issue_marriage_licenses,0.0270817454107,0.0297960939276
158,unborn_baby,sexual_violence,0.027011706414,0.0296828007948
159,police_brutality,moving_forward,0.0269416674172,0.0293712446796
160,nt_need,like_donald_trump,0.026918321085,0.0293712446796
161,much_money,sexually_assaulted,0.026918321085,0.0293145981132
162,democratic_presidential_candidate_hillary_clinton,philando_castile,0.026918321085,0.0292296282636
163,39_percent,news_station,0.026731550427,0.0292013049804
164,live_action,found_guilty,0.0267082040947,0.0291729816972
165,walk_away,gay_couples,0.0266848577625,0.029144658414
166,44_percent,red_cross,0.0265681261012,0.0290880118476
167,sexually_assaulted,local_governments,0.0264280481077,0.0290596885644
168,told_thedcnf,nermeen_shaikh,0.0262879701142,0.0289463954316
169,hyde_amendment,last_decade,0.0261478921207,0.0289463954316
170,pleaded_guilty,long_term,0.0261245457885,0.0289180721484
171,last_friday,pinellas_county,0.0259611214627,0.0288614255819
172,moving_forward,found_dead,0.0259144287982,0.0288614255819
173,daily_basis,solar_power,0.025797697137,0.0288331022987
174,pregnant_women,recent_months,0.0257510044725,0.0288331022987
175,50_states,recent_interview,0.0257276581402,0.0288047790155
176,shot_dead,environmental_groups,0.0257043118079,0.0287764557323
177,hours_later,takes_place,0.0256109264789,0.0286914858827
178,small_businesses,next_generation,0.0255408874822,0.0286348393163
179,senate_democrats,human_rights_campaign,0.0254475021532,0.0282383133515
180,house_select_committee,climate_crisis,0.0254008094887,0.0282383133515
181,nearly_every,rick_scott,0.0253541168242,0.0282099900683
182,four_years_ago,12_percent,0.0251439998339,0.0281816667851
183,de_facto,much_time,0.0250506145049,0.0281816667851
184,four_times,jon_stewart,0.0249105365114,0.0280117270859
185,large_numbers,never_mind,0.0247938048502,0.0278984339531
186,12_percent,bottled_water,0.0247704585179,0.0278701106699
187,presidential_bid,amy_goodman_well,0.0247471121857,0.0278651704004
188,feels_like,election_season,0.0246303805244,0.0277284942539
189,43_percent,copyright_2015,0.0245136488632,0.0276718476875
190,38_percent,45_percent,0.0244436098664,0.0274169381387
191,thank_god,far_away,0.0244202635342,0.0273886148555
192,russian_president_vladimir,ice_cream,0.0244202635342,0.0273886148555
193,bad_guys,thats_exactly,0.0243502245374,0.0273319682891
194,race_relations,oil_industry,0.0243035318729,0.0271903518731
195,recently_released,made_headlines,0.0241868002117,0.0270770587403
196,social_issues,general_public,0.0241401075472,0.0269920888907
197,large_part,four_years_ago,0.0239766832214,0.0268504724747
198,taken_place,passed_away,0.0238132588956,0.0268221491915
199,47_percent,world_health_organization,0.0237665662311,0.0267938259083
200,theres_no_way,global_economy,0.0235797955731,0.0266805327755
201,democratic_front-runner,hurricane_katrina,0.0235331029086,0.0266238862091
202,house_committee,regime_change,0.0234163712474,0.0265389163595
203,500_million,economic_inequality,0.0233229859184,0.0265105930763
204,presumptive_republican_presidential_nominee,white_privilege,0.0232996395861,0.0264822697931
205,taken_into_custody,much_higher,0.0232296005894,0.0264539465099
206,breast_cancer,gas_industry,0.0232296005894,0.0264256232267
207,answer_questions,video_clip,0.0231595615926,0.0262840068106
208,3_million,great_recession,0.0231128689281,0.0262840068106
209,follow_blake,insurance_companies,0.0230999685879,0.0262273602442
210,destroy_america,nothing_else,0.0230895225959,0.026057420545
211,least_three,human_rights_watch,0.0228794056056,0.0260290972618
212,electoral_votes,95_percent,0.0227393276121,0.0259441274122
213,american-islamic_relations,executive_producer,0.0227393276121,0.025915804129
214,international_community,college_campuses,0.0227159812799,0.025915804129
215,pay_attention,democracy_now_democracynoworg,0.0227159812799,0.0258748010861
216,boko_haram,walk_away,0.0225992496186,0.0258591575626
217,gon_na_get,sen_bernie_sanders_i-vt,0.0225759032864,0.0258025109962
218,former_florida_gov,senate_majority_leader_mitch_mcconnell,0.0225292106219,0.025774187713
219,politically_incorrect,oil_companies,0.0224825179574,0.0256892178634
220,muslim_countries,researchers_found,0.0224591716251,0.0256042480138
221,gas_station,almost_always,0.0223891326284,0.0255759247306
222,found_guilty,50_states,0.0223424399639,0.0255476014474
223,pushed_back,health_benefits,0.0223190936316,0.025490954881
224,taken_away,pleaded_guilty,0.0222724009671,0.0254059850314
225,senate_floor,large_numbers,0.0222724009671,0.0253776617482
226,public_service,candidate_bernie_sanders,0.0222257083026,0.0253210151818
227,advertisement_story_continues_below_one,business_insider,0.0222140322926,0.0252926918986
228,could_easily,west_coast,0.0221790156381,0.0252926918986
229,border_wall,hours_later,0.0221790156381,0.0252643686154
230,republican_leadership,racial_discrimination,0.0221790156381,0.0251510754826
231,nikki_haley,stay_tuned,0.0221323229736,0.0250944289162
232,election_season,weight_loss,0.0220622839769,0.025066105633
233,board_member,legal_system,0.0220389376446,0.025066105633
234,nearly_half,central_america,0.0219222059833,0.0249528125002
235,30_days,daily_basis,0.0218755133188,0.0249528125002
236,help_spread,campaign_contributions,0.0217821279898,0.0248678426506
237,senator_cruz,national_parks,0.0217587816576,0.0248111960842
238,iowa_caucus,economic_development,0.0217587816576,0.024782872801
239,thomas_jefferson,registered_voters,0.0216887426608,0.0247262262346
240,video_footage,17_percent,0.0216653963286,0.024641256385
241,federal_bureau,nt_care,0.0215486646673,0.0244429934026
242,editors_note,amnesty_international,0.0215019720028,0.0244429934026
243,western_civilization,columbia_university,0.0213618940093,0.0244146701194
244,senate_republicans,rudy_giuliani,0.0213152013448,0.0244146701194
245,florida_sen_marco,wide_range,0.0212918550126,0.0242730537034
246,36_percent,right_direction,0.0212685086803,0.0241597605706
247,based_upon,14_percent,0.0212451623481,0.0241314372874
248,cecile_richards,could_easily,0.0211984696836,0.0240464674378
249,new_york_state,noam_chomsky,0.0211751233513,0.0240181441546
250,net_worth,lgbtq_community,0.0210817380223,0.0239898208714
251,fox_news_reported,affordable_housing,0.0210583916901,0.0238765277386
252,clinton_global_initiative,weeks_later,0.0210350453578,0.0238198811721
253,37_percent,put_forward,0.0210350453578,0.0238198811721
254,14_percent,human_health,0.0209883526933,0.0237915578889
255,could_potentially,democratic_voters,0.0209650063611,0.0237915578889
256,country_illegally,environmental_justice,0.0209650063611,0.0237349113225
257,hollywood_reporter,taken_away,0.0208716210321,0.0237065880393
258,22_percent,puerto_rican,0.0208716210321,0.0236782647561
259,much_time,social_issues,0.0208249283676,0.0236782647561
260,white_house_press_secretary_josh_earnest,im_talking,0.0208015820353,0.0236499414729
261,federal_officials,photo_courtesy,0.0208015820353,0.0236216181897
262,vermont_sen_bernie_sanders,charleston_south_carolina,0.0207782357031,0.0235932949065
263,vietnam_war,young_girls,0.0207548893708,0.0235649716233
264,latest_book,hollywood_reporter,0.0207548893708,0.0234516784905
265,skin_color,small_businesses,0.0206381577096,0.0234233552073
266,23_percent,much_larger,0.0206148113773,0.0233667086409
267,like_donald_trump,last_few_years,0.0206148113773,0.0233667086409
268,advertisement_story_continues_below_however,serena_williams,0.0205405970682,0.0233383853577
269,second_term,energy_efficiency,0.0205214260483,0.0232817387913
270,us_embassy,new_zealand,0.0205214260483,0.0232817387913
271,takes_place,el_salvador,0.0204513870516,0.0232534155081
272,going_viral,race_relations,0.0204046943871,0.0232250922249
273,safe_spaces,vice_president_joe_biden,0.0203346553903,0.0231401223753
274,establishment_republicans,police_killings,0.0203113090581,0.0230834758089
275,right_scoop,20_minutes,0.0203113090581,0.0230268292425
276,everyone_knows,fatal_shooting,0.0202879627258,0.0228852128265
277,nothing_else,even_better,0.0202412700613,0.0228852128265
278,personal_information,lgbt_equality,0.0202412700613,0.0228002429769
279,government_agencies,international_community,0.0202412700613,0.0227719196937
280,next_generation,taken_place,0.0202412700613,0.0227152731273
281,american_soil,great_depression,0.0201945773968,0.0226869498441
282,made_headlines,16_percent,0.0201712310645,0.0226869498441
283,long_term,de_facto,0.0201712310645,0.0226303032777
284,charlie_hebdo,republican_establishment,0.0201245384,0.0225736567113
285,rep_trey_gowdy,civil_rights_act,0.0201011920678,0.0225453334281
286,much_higher,set_aside,0.0200778457355,0.0225170101449
287,south_china_sea,harry_potter,0.0200778457355,0.0224886868617
288,criminal_activity,per_month,0.020031153071,0.0224603635785
289,opposite_sex,growing_number,0.0199844604065,0.0224037170121
290,extremely_careless,mr_trumps,0.0199611140743,0.0224037170121
291,general_public,world_bank,0.0199611140743,0.0223753937289
292,child_abuse,almost_entirely,0.019937767742,0.0223753937289
293,bruce_jenner,jamelle_bouie,0.019937767742,0.0223470704457
294,great_britain,raise_awareness,0.0198677287453,0.0223187471625
295,federal_governments,family_values,0.0198210360808,0.0222337773129
296,limited_government,playing_field,0.0197976897485,0.0221771307465
297,aborted_baby_body_parts,living_wage,0.0197043044195,0.0221488074633
298,national_enquirer,much_worse,0.0196809580873,0.0220921608969
299,july_26_2016,miles_away,0.0196809580873,0.0218655746313
300,september_19_2016,step_forward,0.0196342654228,0.0218655746313
301,three_hours,research_shows,0.0196342654228,0.0218372513481
302,911_attacks,national_association,0.0196109190905,0.0218089280649
303,fort_hood,next_step,0.0196109190905,0.0218089280649
304,democrat_presidential_nominee,2_billion,0.0195890358622,0.0217522814985
305,first_quarter,cant_wait,0.019564226426,0.0217239582153
306,terror_groups,since_2010,0.0195408800938,0.0216956349321
307,business_insider,business_model,0.0194941874293,0.0216673116489
308,told_politico,republican_lawmakers,0.0194241484325,0.0216673116489
309,work-related_emails,least_three,0.0194008021003,0.0216389883657
310,white_supremacy,fossil_fuel_companies,0.019377455768,0.0216389883657
311,classified_emails,federal_agencies,0.019284070439,0.0216106650825
312,17_percent,congressional_republicans,0.019284070439,0.0216106650825
313,33_percent,pulse_nightclub,0.0192607241068,0.0215540185161
314,democrat_hillary_clinton,fox_news_fox,0.0192373777745,0.0214407253833
315,near_future,reminds_us,0.01919068511,0.0213274322504
316,electoral_college,video_footage,0.0191673387778,0.0212141391176
317,tuesday_evening,taking_care,0.0191673387778,0.0212141391176
318,put_forward,double_standard,0.0191439924455,0.020987552852
319,conventional_wisdom,carbon_tax,0.0191206461133,0.0209592295688
320,abraham_lincoln,pushed_back,0.0191206461133,0.0209592295688
321,strong_sense,death_toll,0.019097299781,0.0208742597192
322,drudge_report,everyone_knows,0.019097299781,0.020845936436
323,first_presidential_debate,recent_days,0.0190506071165,0.0208176131528
324,criminal_aliens,43_percent,0.0190506071165,0.0207892898696
325,security_clearance,fast_track,0.0190272607843,0.0207609665864
326,national_association,government_agencies,0.019003914452,0.0207609665864
327,political_establishment,47_percent,0.0189338754553,0.0207609665864
328,weeks_later,gas_station,0.0189338754553,0.0207326433032
329,benghazi_libya,37_percent,0.0189338754553,0.02070432002
330,49_percent,55_percent,0.018910529123,0.02070432002
331,gave_birth,conventional_wisdom,0.018910529123,0.0206476734536
332,international_law,anytime_soon,0.0188871827908,0.0206476734536
333,dylann_roof,turned_away,0.0188638364585,0.0206476734536
334,brokered_convention,every_single_day,0.018817143794,0.0205910268872
335,syed_farook,44_percent,0.018817143794,0.020562703604
336,police_arrived,last_december,0.0187471047973,0.020562703604
337,16_percent,23_percent,0.0187004121328,0.0205343803208
338,difficult_time,three_hours,0.0187004121328,0.0205343803208
339,police_station,public_housing,0.0186770658005,0.0205343803208
340,found_dead,corporate_america,0.0186770658005,0.0205343803208
341,tashfeen_malik,ferguson_missouri,0.018630373136,0.0205060570376
342,exclusive_interview,overwhelming_majority,0.0185836804715,0.0204494104712
343,next_page,red_carpet,0.0185836804715,0.0204494104712
344,black_panthers,emphasis_added,0.0185836804715,0.020421087188
345,pulse_nightclub,natural_hair,0.0185836804715,0.0203644406216
346,july_22_2016,living_room,0.018536987807,0.0203077940552
347,emphasis_added,last_friday,0.018536987807,0.0203077940552
348,central_america,oil_prices,0.018536987807,0.020279470772
349,2_billion,open_carry,0.0184902951425,0.0202511474888
350,tel_aviv,net_worth,0.0184902951425,0.0202511474888
351,55_percent,wikimedia_commons,0.0184902951425,0.0201661776392
352,msnbcs_morning_joe,associate_professor,0.0184902951425,0.0201661776392
353,taking_advantage,new_album,0.0184669488103,0.020137854356
354,conspiracy_theory,working_together,0.0184202561458,0.0200812077896
355,recent_polls,drug_war,0.0183969098135,0.0200528845064
356,legal_status,recently_released,0.0183969098135,0.0200245612232
357,expressed_concern,south_america,0.0183969098135,0.01999623794
358,religious_minorities,campaign_finance_reform,0.0183035244845,0.0199395913736
359,almost_immediately,presidential_bid,0.01825683182,0.0199112680904
360,walked_away,30_days,0.01825683182,0.0199112680904
361,july_14_2016,theres_no_way,0.0181867928232,0.0198829448072
362,september_8_2016,dont_worry,0.0180467148297,0.0198829448072
363,muslim_immigrants,boston_globe,0.017976675833,0.0198262982408
364,top_priority,straight_outta_compton,0.017976675833,0.0197979749576
365,incident_occurred,gop_candidate,0.0179533295007,0.0197696516744
366,sen_rand_paul,small_town,0.0179533295007,0.0197696516744
367,month_ago,first_lady_michelle_obama,0.0179299831685,0.019713005108
368,vetting_process,officers_involved,0.0179066368362,0.0196846818248
369,republican_presidential_front-runner_donald,drug_dealers,0.0179066368362,0.0196280352584
370,obama_white_house,domestic_terrorism,0.017883290504,0.019571388692
371,iphone_7,step_toward,0.017883290504,0.019571388692
372,total_number,85_percent,0.0178599441717,0.019571388692
373,nothing_short,22_percent,0.0178599441717,0.0194580955592
374,shariah_law,lead_poisoning,0.0178599441717,0.019429772276
375,far_away,kylie_jenner,0.0178365978395,0.0194014489928
376,wednesday_afternoon,lesbian_gay_bisexual,0.017789905175,0.0193731257096
377,house_floor,panama_papers,0.0177665588427,0.0193448024264
378,every_single_day,big_pharma,0.017696519846,0.0193164791432
379,platte_river,federal_level,0.0176264808492,0.01928815586
380,immigration_studies,two_years_later,0.0175797881847,0.0192598325768
381,stay_home,corporate_interests,0.0175564418525,0.0192315092936
382,colin_powell,medicaid_expansion,0.017509749188,0.0192315092936
383,26_percent,10_minutes,0.017509749188,0.0192315092936
384,late-term_abortions,african-american_community,0.017509749188,0.0192315092936
385,republican_lawmakers,text_messages,0.0174864028557,0.0191182161608
386,local_authorities,working_conditions,0.0174630565235,0.0190615695944
387,federal_authorities,hedge_funds,0.0174630565235,0.019004923028
388,charles_krauthammer,well_aware,0.017416363859,0.0189765997448
389,lena_dunham,george_zimmerman,0.017416363859,0.0189765997448
390,july_25_2016,political_spectrum,0.0173930175267,0.0188916298952
391,political_insiders_2016,osama_bin_laden,0.0173906013517,0.018863306612
392,wan_na,front_lines,0.0173696711945,0.0187783367623
393,also_pointed,social_movements,0.0173696711945,0.0187500134791
394,front_door,much_longer,0.0173463248622,0.0186933669127
395,even_better,federal_officials,0.0173463248622,0.0186933669127
396,overwhelming_majority,democratic_presidential_candidate_hillary_clinton,0.0172996321977,0.0186650436295
397,new_hampshire_primary,abraham_lincoln,0.0172762858655,0.0186367203463
398,past_few_years,human_activity,0.017229593201,0.0186083970631
399,assistant_secretary,taking_advantage,0.017229593201,0.0186083970631
400,state_legislatures,65_percent,0.0172062468687,0.0186083970631
401,march_22_2016,walked_away,0.0172062468687,0.0186083970631
402,still_alive,near_future,0.0171829005365,0.0185800737799
403,state_dept,could_potentially,0.0171829005365,0.0185800737799
404,radical_islamists,almost_immediately,0.0171829005365,0.0185800737799
405,immigration_system,southern_states,0.0171829005365,0.0185234272135
406,russian_government,tear_gas,0.0171595542042,0.0184951039303
407,bill_de_blasio,rural_areas,0.0171595542042,0.0184951039303
408,tuesday_afternoon,email_address,0.0170661688752,0.0184951039303
409,twin_falls,gay_community,0.0170661688752,0.0184667806471
410,local_governments,good_luck,0.017042822543,0.0184667806471
411,reality_show,policy_proposals,0.0170194762107,0.0184384573639
412,political_opponents,rio_de_janeiro,0.0170194762107,0.0184101340807
413,politico_reported,american_flag,0.0170194762107,0.0184101340807
414,united_arab_emirates,source_tmz_photo_credit,0.0169961298785,0.0183910124642
415,research_note,gender_equality,0.0169961298785,0.0183534875143
416,august_6,star_trek,0.0169727835462,0.0183534875143
417,almost_always,hot_water,0.016949437214,0.0183534875143
418,iranian_regime,coal_industry,0.0169027445495,0.0183251642311
419,reports_indicate,methane_emissions,0.0168793982172,0.0182968409479
420,ice_cream,studies_show,0.016856051885,0.0182118710983
421,2016_presidential_election,drug_companies,0.0168327055527,0.0181835478151
422,global_economy,based_upon,0.0168327055527,0.0181835478151
423,deutsche_bank,job_creation,0.0168327055527,0.0181269012487
424,reminds_us,youre_talking,0.0168093592205,0.0180985779655
425,sanctions_relief,private_prisons,0.016762666556,0.0180985779655
426,29_percent,prison_population,0.0167393202237,0.0180985779655
427,dont_worry,important_part,0.0167393202237,0.0180702546823
428,clarence_thomas,kendrick_lamar,0.0167393202237,0.0180419313991
429,monday_evening,since_2009,0.0167159738915,0.0180419313991
430,incident_took_place,500_million,0.0166926275592,0.0180419313991
431,selling_aborted_baby_parts,economic_justice,0.0166926275592,0.0180136081159
432,foreign_workers,senate_democrats,0.0166926275592,0.0180136081159
433,green_cards,malcolm_x,0.0166926275592,0.0179852848327
434,thursday_evening,time_ago,0.0166926275592,0.0179286382663
435,comment_section,bill_maher,0.0166926275592,0.0178719916999
436,news_station,josh_duggar,0.016669281227,0.0178436684167
437,september_22_2016,last_minute,0.0166459348947,0.0178153451335
438,stark_contrast,create_jobs,0.0166225885625,0.0178153451335
439,gross_negligence,food_waste,0.0166225885625,0.0177870218503
440,52_percent,im_gon_na,0.0166225885625,0.0177586985671
441,top_10,38_percent,0.0166225885625,0.0177586985671
442,conservative_principles,nt_feel,0.0165992422302,0.0177586985671
443,time_ago,bad_guys,0.0165992422302,0.0177586985671
444,july_28_2016,photo_credit_getty_also,0.016575895898,0.0177540942837
445,us_state_department,911_attacks,0.016575895898,0.0177303752839
446,good_luck,white_nationalists,0.016575895898,0.0177020520007
447,lets_hope,guardian_reports,0.016575895898,0.0177020520007
448,every_bit,lebron_james,0.016575895898,0.0177020520007
449,second_quarter,box_office,0.0165525495657,0.0176737287175
450,know_better,scientific_evidence,0.0165292032334,0.0176737287175
451,fox_news_channels,senate_floor,0.0165058569012,0.0176737287175
452,partys_nominee,corporate_power,0.0164825105689,0.0176454054343
453,wolf_blitzer,ive_heard,0.0164591642367,0.0176454054343
454,blind_eye,national_attention,0.0164358179044,0.0176170821511
455,weasel_zippers,sex_tape,0.0164358179044,0.0176170821511
456,wednesday_evening,news_broke,0.0163891252399,0.0175887588679
457,boston_marathon,gave_birth,0.0163891252399,0.0175604355847
458,57_percent,200_million,0.0163424325754,0.0175604355847
459,market_share,poverty_line,0.0163424325754,0.0175321123015
460,future_generations,dating_back,0.0163190862432,0.0175321123015
461,set_aside,getting_married,0.0162723935787,0.0175037890183
462,video_clip,became_clear,0.0162490472464,0.0175037890183
463,paula_jones,youll_see,0.0162257009142,0.0175037890183
464,front_lines,33_percent,0.0162257009142,0.0174754657351
465,53_percent,anywhere_else,0.0162257009142,0.0174754657351
466,islamic_extremism,iowa_caucus,0.0162023545819,0.0174471424519
467,adolf_hitler,local_communities,0.0162023545819,0.0174471424519
468,persian_gulf,tv_shows,0.0161790082497,0.0174188191687
469,anytime_soon,sounded_like,0.0161790082497,0.0173904958855
470,thursday_afternoon,new_york_citys,0.0161790082497,0.0173904958855
471,last_minute,taken_seriously,0.0161790082497,0.0173904958855
472,whose_name,et_al,0.0161790082497,0.0173338493191
473,social_justice_warriors,15_an_hour,0.0161790082497,0.0173338493191
474,speaker_ryan,gop_nomination,0.0161323155852,0.0173055260359
475,ny_times,tuesday_afternoon,0.0161323155852,0.0173055260359
476,56_percent,religious_leaders,0.0161089692529,0.0173055260359
477,june_13_2016,youtube_channel,0.0160856229207,0.0172772027527
478,34_percent,monday_afternoon,0.0160622765884,0.0172488794695
479,hong_kong,hong_kong,0.0160622765884,0.0172488794695
480,october_20_2016,killed_at_least,0.0160622765884,0.0172205561863
481,decade_ago,nearly_impossible,0.0160389302562,0.0172205561863
482,behind_closed_doors,36_percent,0.0160155839239,0.0171922329031
483,exact_opposite,water_quality,0.0160155839239,0.0171922329031
484,growing_number,boko_haram,0.0159922375917,0.0171639096199
485,congressional_republicans,getting_rid,0.0159922375917,0.0171639096199
486,david_french,transgender_community,0.0159688912594,0.0171355863367
487,hill_reported,taking_action,0.0159688912594,0.0171355863367
488,american_civil_liberties,coming_together,0.0159455449272,0.0171072630535
489,migrant_crisis,26_percent,0.0159455449272,0.0170789397703
490,democratic_voters,general_population,0.0159455449272,0.0170789397703
491,quid_pro_quo,gun_lobby,0.0158988522627,0.0170222932039
492,mark_knoller_markknoller,tampa_bay_area,0.0158988522627,0.0170222932039
493,told_reuters,racial_slurs,0.0158988522627,0.0169939699207
494,big_banks,violence_against_women,0.0158755059304,0.0169939699207
495,eminent_domain,roll_back,0.0158521595982,0.0169656466375
496,march_11_2016,hurricane_matthew,0.0158288132659,0.0169373233543
497,monday_afternoon,senior_fellow,0.0158288132659,0.0169090000711
498,save_lives,nikki_haley,0.0158054669337,0.0169090000711
499,merry_christmas,second_term,0.0158054669337,0.0168523535047
500,human_nature,someone_whos,0.0157821206014,0.0167957069383
501,wait_times,daily_kos,0.0157821206014,0.0167673836551
502,much_larger,ballot_box,0.0157587742692,0.0167107370887
503,miles_away,clarence_thomas,0.0157587742692,0.0167107370887
504,identity_politics,climate_denial,0.0157354279369,0.0166824138055
505,delegate_count,bader_ginsburg,0.0157120816047,0.0166540905223
506,death_toll,house_floor,0.0156887352724,0.0166540905223
507,article_originally_appeared,early_1990s,0.0156887352724,0.0166540905223
508,abortion_advocates,take_responsibility,0.0156887352724,0.0166257672391
509,latest_breaking_trump,first_presidential_debate,0.0156843536719,0.0166257672391
510,july_27_2016,public_eye,0.0156653889402,0.0166257672391
511,last_few_years,local_level,0.0156420426079,0.0166257672391
512,conservative_tribune,long_island,0.0156420426079,0.0166257672391
513,critical_condition,offshore_drilling,0.0155953499434,0.0165974439559
514,gon_na_happen,gmo_labeling,0.0155720036112,0.0165974439559
515,audio_clip,stay_home,0.0155720036112,0.0165974439559
516,turned_away,hotel_room,0.0155720036112,0.0165974439559
517,im_glad,central_park,0.0155720036112,0.0165407973895
518,first_lady_michelle_obama,become_increasingly,0.0155019646144,0.0165124741063
519,left_wing,child_abuse,0.0155019646144,0.0164841508231
520,third-party_candidate,national_debt,0.0154786182822,0.0164558275399
521,speaking_fees,bill_de_blasio,0.0154786182822,0.0164558275399
522,alton_sterling,39_percent,0.0154786182822,0.0164558275399
523,ground_game,urban_areas,0.0154552719499,0.0164275042567
524,religious_leaders,birthright_citizenship,0.0154552719499,0.0164275042567
525,temple_mount,baltimore_sun,0.0154085792854,0.0163991809735
526,young_boy,labor_movement,0.0154085792854,0.0163708576903
527,stay_away,oh_yeah,0.0154085792854,0.0163425344071
528,sounded_like,army_corps,0.0153852329532,0.0163425344071
529,november_election,talking_points_memo,0.0153852329532,0.0163142111238
530,israeli_prime_minister_benjamin_netanyahu,last_october,0.0153618866209,0.0163142111238
531,right_direction,taken_into_custody,0.0153385402887,0.0163142111238
532,20_minutes,go_forward,0.0153385402887,0.0162858878406
533,best_interest,second_season,0.0153151939564,0.0162858878406
534,ferguson_missouri,also_pointed,0.0152918476242,0.0162575645574
535,executive_amnesty,sales_tax,0.0152918476242,0.0162292412742
536,muslim_population,announced_plans,0.0152918476242,0.016200917991
537,united_states_government,russian_president_vladimir,0.0152451549597,0.016200917991
538,federal_records,post_has_been_updated,0.0152451549597,0.016200917991
539,ruling_class,short_term,0.0152218086274,0.016200917991
540,inner_circle,developed_countries,0.0151984622952,0.0161725947078
541,october_29_2015,taxpayer_dollars,0.0151984622952,0.0161725947078
542,democratic_partys,legal_fees,0.0151751159629,0.0161725947078
543,since_2009,emergency_room,0.0151517696307,0.0161442714246
544,last_october,koch_industries,0.0151284232984,0.0161442714246
545,september_16_2016,reality_star,0.0151284232984,0.0161442714246
546,selling_aborted_baby_body,democratic_partys,0.0151265419304,0.0161159481414
547,boston_globe,best_interest,0.0151050769662,0.0161159481414
548,social_conservatives,would_no_longer,0.0151050769662,0.0160876248582
549,august_9_2016,peoples_lives,0.0150817306339,0.0160876248582
550,getting_ready,total_number,0.0150583843017,0.0160876248582
551,taking_care,rape_culture,0.0150583843017,0.0160876248582
552,dating_back,drivers_license,0.0150583843017,0.016059301575
553,mass_destruction,national_oceanic,0.0150350379694,0.016059301575
554,hillary_clinton_would,thank_god,0.0150116916372,0.0160309782918
555,youll_see,news_organizations,0.0149883453049,0.0160309782918
556,54_percent,shot_dead,0.0149883453049,0.0160309782918
557,pledged_allegiance,9_pm,0.0149883453049,0.0160026550086
558,foreign_countries,death_sentence,0.0149883453049,0.0159743317254
559,clintons_presidential_campaign,56_percent,0.0149649989727,0.0159743317254
560,all-time_high,scientific_research,0.0149649989727,0.0159743317254
561,may_find,news_coverage,0.0149649989727,0.0159460084422
562,take_responsibility,harvard_university,0.0149649989727,0.0158893618758
563,would_no_longer,wednesday_afternoon,0.0149416526404,0.0158893618758
564,july_5_2016,red_states,0.0149416526404,0.0158893618758
565,hotel_room,george_w_bushs,0.0149416526404,0.0158893618758
566,emergency_room,news_photo_credit_getty,0.0149183063082,0.0158831471282
567,brexit_vote,mass_destruction,0.0149183063082,0.0158610385926
568,new_zealand,black_lives_matter_activists,0.0148949599759,0.0158043920262
569,bryan_pagliano,dominican_republic,0.0148716136437,0.0158043920262
570,2016_presidential_race,blac_chyna,0.0148482673114,0.015776068743
571,bashar_al-assad,price_tag,0.0148482673114,0.0157477454598
572,last_december,58_percent,0.0148482673114,0.0157477454598
573,black_panther_party,62_percent,0.0148249209792,0.0157477454598
574,double_digits,ta-nehisi_coates,0.0148015746469,0.0157477454598
575,western_europe,much_attention,0.0148015746469,0.0157194221766
576,im_talking,nothing_short,0.0147782283147,0.0157194221766
577,silent_majority,worked_hard,0.0147782283147,0.0157194221766
578,nov_8,54_percent,0.0147548819824,0.0156627756102
579,radio_interview,rupert_murdoch,0.0147315356502,0.0156627756102
580,war_hero,via_tmz,0.0147315356502,0.0156627756102
581,bill_maher,tipping_point,0.0147081893179,0.0156627756102
582,sen_ted_cruz_r-texas,science_fiction,0.0147081893179,0.0156627756102
583,lois_lerner,court_records,0.0146848429856,0.015634452327
584,another_reason,tuesday_evening,0.0146848429856,0.0156061290438
585,republican_field,adolf_hitler,0.0146614966534,0.0156061290438
586,come_under_fire,300_million,0.0146614966534,0.0156061290438
587,past_decade,terrorist_groups,0.0146381503211,0.0155778057606
588,wide_range,much_harder,0.0146381503211,0.0155494824774
589,roman_catholic,presumptive_republican_presidential_nominee,0.0146381503211,0.0155494824774
590,became_clear,im_glad,0.0146148039889,0.0155494824774
591,active_shooter,walking_around,0.0145681113244,0.0155494824774
592,birthright_citizenship,lgbt_issues,0.0145214186599,0.0155494824774
593,old_testament,season_1,0.0145214186599,0.0155211591942
594,homosexual_marriage,difficult_time,0.0145214186599,0.0155211591942
595,south_america,johns_hopkins,0.0145214186599,0.0155211591942
596,nazi_germany,assistant_professor,0.0145214186599,0.015492835911
597,isis_terrorists,8_pm,0.0144980723276,0.015492835911
598,sen_bernie_sanders_i-vt,next_decade,0.0144747259954,0.0154645126278
599,fellow_citizens,political_establishment,0.0144747259954,0.0154645126278
600,10_minutes,told_reuters,0.0144747259954,0.0154361893446
601,fellow_americans,racial_bias,0.0144747259954,0.0154361893446
602,defeat_isis,committed_suicide,0.0144513796631,0.0154361893446
603,attempted_murder,federal_minimum_wage,0.0144280333309,0.0154078660614
604,since_2010,told_politico,0.0144280333309,0.0154078660614
605,general_counsel,bear_arms,0.0144046869986,0.0154078660614
606,classified_documents,29_percent,0.0143813406664,0.0154078660614
607,posted_online,young_age,0.0143813406664,0.0153795427782
608,joint_chiefs,2016_presidential_election,0.0143579943341,0.0153795427782
609,go_forward,andrew_cuomo,0.0143579943341,0.0153795427782
610,planned_parenthood_videos,democratic_side,0.0143346480019,0.015351219495
611,last_august,34_percent,0.0143346480019,0.015351219495
612,oh_yeah,less_than_half,0.0142879553374,0.015351219495
613,closer_look,six_times,0.0142646090051,0.0153228962118
614,congressional_districts,thursday_afternoon,0.0142412626729,0.0153228962118
615,little_better,month_ago,0.0142412626729,0.0153228962118
616,house_armed_services_committee,national_conversation,0.0142412626729,0.0152945729286
617,welfare_state,nazi_germany,0.0142179163406,0.0152662496454
618,presumptive_democratic_nominee,another_reason,0.0141945700084,0.0152662496454
619,september_6_2016,youtube_https_wwwyoutubecomwatch,0.0141712236761,0.0152662496454
620,san_francisco_49ers,justin_bieber,0.0141712236761,0.0152662496454
621,march_10,thomas_jefferson,0.0141712236761,0.015209603079
622,well_aware,getting_ready,0.0141712236761,0.015209603079
623,inner_cities,taraji_p_henson,0.0141245310116,0.0151812797958
624,cant_wait,almost_half,0.0141245310116,0.0151529565126
625,western_countries,full_interview,0.0141011846794,0.0151529565126
626,september_1_2016,past_weekend,0.0141011846794,0.0151529565126
627,high_profile,november_2014,0.0141011846794,0.0151529565126
628,58_percent,goes_beyond,0.0141011846794,0.0151529565126
629,95_percent,higher_rates,0.0140778383471,0.0151246332294
630,security_measures,border_wall,0.0140778383471,0.0151246332294
631,public_square,worst_thing,0.0140544920149,0.0150963099462
632,august_29_2016,personal_information,0.0140544920149,0.0150963099462
633,bill_cosby,legal_team,0.0140544920149,0.0150963099462
634,62_percent,behind_closed_doors,0.0140544920149,0.015067986663
635,presumptive_republican_nominee_donald,22_million,0.0140077993504,0.015067986663
636,65_percent,lady_gaga,0.0140077993504,0.015067986663
637,temporary_ban,capital_punishment,0.0140077993504,0.015067986663
638,working_together,web_series,0.0140077993504,0.0150396633798
639,anywhere_else,answer_questions,0.0139844530181,0.0150396633798
640,coming_weeks,bashar_al-assad,0.0139611066859,0.0150396633798
641,politically_motivated,people_with_disabilities,0.0139377603536,0.0150113400966
642,news_coverage,still_alive,0.0139377603536,0.0150113400966
643,drivers_license,stark_contrast,0.0139377603536,0.0149830168134
644,raise_awareness,republican_leadership,0.0139377603536,0.0149830168134
645,like_hillary_clinton,united_states_government,0.0139144140214,0.0149830168134
646,rights_reserved,probable_cause,0.0139144140214,0.0149546935302
647,across_europe,pharmaceutical_companies,0.0139144140214,0.0149546935302
648,small_town,leonardo_dicaprio,0.0138677213569,0.014926370247
649,august_16_2016,conspiracy_theorist,0.0138677213569,0.014926370247
650,local_hospital,south_sudan,0.0138677213569,0.014926370247
651,theres_no_doubt,chris_hedges,0.0138677213569,0.0148980469638
652,special_prosecutor,immune_system,0.0138210286924,0.0148980469638
653,august_19_2016,birth_defects,0.0138210286924,0.0148980469638
654,15_an_hour,dallas_morning_news,0.0138210286924,0.0148697236806
655,personal_email_account,big_difference,0.0137976823601,0.0148697236806
656,notre_dame,miley_cyrus,0.0137976823601,0.0148414003974
657,morgan_stanley,coal_companies,0.0137976823601,0.0148414003974
658,gun-free_zones,wolf_blitzer,0.0137743360279,0.0148130771142
659,much_longer,every_bit,0.0137509896956,0.0148130771142
660,rick_scott,key_role,0.0137509896956,0.0148130771142
661,homeless_man,49_percent,0.0137509896956,0.0148130771142
662,july_20_2016,next_morning,0.0137042970311,0.0148130771142
663,desperately_need,every_aspect,0.0137042970311,0.014784753831
664,heidi_cruz,flint_water_crisis,0.0137042970311,0.014784753831
665,per_month,naomi_klein,0.0137042970311,0.014784753831
666,next_step,many_reasons,0.0137042970311,0.0147564305478
667,gain_access,human_trafficking,0.0136576043666,0.0147564305478
668,july_7_2016,gop_establishment,0.0136576043666,0.0147281072646
669,november_2014,editors_note,0.0136342580344,0.0146997839814
670,student_body,front_door,0.0136109117021,0.0146997839814
671,ongoing_investigation,force_awakens,0.0136109117021,0.0146714606982
672,american_soldiers,republican_base,0.0135875653699,0.0146714606982
673,violent_crimes,lgbt_youth,0.0135875653699,0.014643137415
674,fair_game,lose_weight,0.0135642190376,0.014643137415
675,chinese_government,human_history,0.0135642190376,0.0146148141318
676,youd_think,53_percent,0.0135642190376,0.0145864908486
677,religious_groups,fellow_republicans,0.0135642190376,0.0145864908486
678,last_decade,draw_attention,0.0135642190376,0.0145581675654
679,two_counts,two_minutes,0.0135642190376,0.0145581675654
680,federal_agency,cant_imagine,0.0135642190376,0.0145581675654
681,theyve_got,57_percent,0.0135408727054,0.0145581675654
682,youre_talking,major_cities,0.0135175263731,0.0145298442822
683,cant_imagine,stay_away,0.0134941800409,0.014501520999
684,drug_dealers,biological_diversity,0.0134941800409,0.0144731977158
685,el_salvador,top_priority,0.0134708337086,0.0144731977158
686,muslim_terrorists,early_2000s,0.0134708337086,0.0144731977158
687,white_supremacists,ny_times,0.0134708337086,0.0144731977158
688,apple_watch,52_percent,0.0134708337086,0.0144731977158
689,green_energy,economic_policies,0.0134241410441,0.0144448744326
690,playing_field,national_average,0.0134241410441,0.0144448744326
691,january_13_2016,oprah_winfrey,0.0134241410441,0.0144165511494
692,last_september,general_manager,0.0134241410441,0.0143882278662
693,everybody_knows,pay_taxes,0.0134241410441,0.0143882278662
694,executive_vice_president,miami_herald,0.0134241410441,0.0143882278662
695,smoking_gun,story_has_been_updated,0.0134241410441,0.014359904583
696,kathleen_willey,jimmy_kimmel,0.0134007947119,0.014359904583
697,stay_tuned,sexual_misconduct,0.0134007947119,0.014359904583
698,taken_seriously,oral_sex,0.0133774483796,0.014359904583
699,federal_level,dr_king,0.0133774483796,0.0143315812998
700,personal_attacks,63_percent,0.0133774483796,0.0143315812998
701,republican_donald_trump,robert_scheer,0.0133541020474,0.0143306590631
702,legal_system,climate_desk_collaboration,0.0133541020474,0.0143306590631
703,medical_treatment,square_miles,0.0133541020474,0.0143032580166
704,khizr_khan,muslims_entering,0.0133541020474,0.0143032580166
705,court_records,st_johns,0.0133307557151,0.0143032580166
706,largest_abortion_provider,theyve_got,0.0133307557151,0.0142749347334
707,50_people,photo_credit_twitter,0.0133307557151,0.0142749347334
708,phyllis_schlafly,republican_field,0.0133074093829,0.0142466114502
709,secret_service_agents,ca_nt_get,0.0133074093829,0.014218288167
710,foreign_nationals,little_boy,0.0132840630506,0.014218288167
711,march_2_2016,happy_birthday,0.0132840630506,0.0141899648838
712,april_29_2016,david_koch,0.0132840630506,0.0141899648838
713,national_interest,dr_martin_luther_king,0.0132607167184,0.0141616416006
714,text_messages,political_campaigns,0.0132140240539,0.0141333183174
715,et_al,45_million,0.0131906777216,0.0141049950342
716,friday_evening,national_television,0.0131906777216,0.0141049950342
717,us-mexico_border,two_sides,0.0131906777216,0.0141049950342
718,news_broke,legal_status,0.0131906777216,0.0141049950342
719,private_meeting,real_housewives,0.0131673313894,0.014076671751
720,supreme_court_justice_antonin,youll_find,0.0131673313894,0.014076671751
721,islamic_society,toxic_chemicals,0.0131439850571,0.0140483484678
722,clintons_state_department,budget_cuts,0.0131439850571,0.0140483484678
723,told_theblaze,boy_scouts,0.0131439850571,0.0140200251846
724,conservative_news_site,federal_governments,0.0131206387249,0.0140200251846
725,human_trafficking,heart_attack,0.0131206387249,0.0139917019014
726,natural_born_citizen,democratic_process,0.0131206387249,0.0139633786182
727,least_four,systemic_racism,0.0130972923926,0.0139633786182
728,ive_heard,hydraulic_fracturing,0.0130739460604,0.0139633786182
729,eastern_europe,student_body,0.0130739460604,0.0139633786182
730,worked_hard,politico_reported,0.0130739460604,0.0139633786182
731,zero_hedge,know_better,0.0130505997281,0.013935055335
732,august_18_2016,plea_deal,0.0130505997281,0.013935055335
733,probable_cause,police_station,0.0130505997281,0.013935055335
734,getting_rid,address_climate_change,0.0130039070636,0.013935055335
735,false_narrative,lil_wayne,0.0130039070636,0.013935055335
736,every_aspect,may_find,0.0130039070636,0.013935055335
737,taxpayer_funds,61_percent,0.0130039070636,0.0139067320518
738,orlando_shooting,black_panther_party,0.0130039070636,0.0139067320518
739,november_14_2015,majority_opinion,0.0129805607314,0.0138784087686
740,tax-exempt_status,private_companies,0.0129805607314,0.0138784087686
741,told_lifezette,oath_keepers,0.0129609198753,0.0138784087686
742,national_security_agency,orlando_shooting,0.0129572143991,0.0138784087686
743,may_25_2016,wildlife_service,0.0129338680669,0.0138500854854
744,foia_requests,least_four,0.0129338680669,0.0138500854854
745,west_coast,multinational_corporations,0.0129338680669,0.0137934389189
746,police_spokesman,former_florida_gov,0.0129338680669,0.0137934389189
747,least_five,football_player,0.0129338680669,0.0137651156357
748,59_percent,customer_service,0.0129338680669,0.0137651156357
749,individual_rights,ive_done,0.0129105217346,0.0137651156357
750,fourth_amendment,debt_ceiling,0.0128871754024,0.0137367923525
751,political_spectrum,israeli_government,0.0128871754024,0.0137367923525
752,march_4_2016,100_people,0.0128871754024,0.0137367923525
753,american_troops,whose_name,0.0128871754024,0.0137367923525
754,fox_news_debate,black_panthers,0.0128638290701,0.0137084690693
755,many_reasons,skin_color,0.0128638290701,0.0137084690693
756,100_billion,closer_look,0.0128638290701,0.0137084690693
757,everyday_americans,photo_credit_getty_twitter_see,0.0128638290701,0.0136937408825
758,nbcs_meet,prescription_drugs,0.0128404827378,0.0136801457861
759,memorial_service,flint_residents,0.0128404827378,0.0136801457861
760,raising_money,electoral_college,0.0128404827378,0.0136801457861
761,cleveland_ohio,tap_water,0.0128404827378,0.0136518225029
762,legal_team,occupy_wall_street,0.0128404827378,0.0136234992197
763,open_carry,war_hero,0.0128171364056,0.0135951759365
764,sept_11_2001,reproduced_here_as_part,0.0128171364056,0.0135743187236
765,heart_attack,metric_tons,0.0127937900733,0.0135668526533
766,valerie_jarrett,several_hundred,0.0127937900733,0.0135668526533
767,convenience_store,last_spring,0.0127704437411,0.0135102060869
768,media_bias,ashley_madison,0.0127704437411,0.0135102060869
769,november_11_2015,joe_raedlegetty_images,0.0127704437411,0.0134818828037
770,jake_sullivan,lets_talk,0.0127704437411,0.0134818828037
771,mutual_funds,posted_online,0.0127470974088,0.0134818828037
772,sunday_evening,public_transportation,0.0127004047443,0.0134535595205
773,charleston_south_carolina,pacific_northwest,0.0127004047443,0.0134535595205
774,drive-by_media,almost_impossible,0.0127004047443,0.0134252362373
775,black_lives_matter_activists,recent_decades,0.0127004047443,0.0134252362373
776,september_20_2016,rosa_parks,0.0126770584121,0.0134252362373
777,civil_rights_act,100_billion,0.0126770584121,0.0133969129541
778,40_days,twentieth_century,0.0126537120798,0.0133969129541
779,reuters_reported,executive_vice_president,0.0126537120798,0.0133685896709
780,quite_frankly,food_production,0.0126303657476,0.0133685896709
781,august_25_2016,pharmaceutical_industry,0.0126303657476,0.0133685896709
782,marthas_vineyard,far_too_many,0.0126303657476,0.0133402663877
783,muslims_entering,justice_anthony_kennedy,0.0126303657476,0.0133402663877
784,august_30_2016,standing_rock_sioux_tribe,0.0126070194153,0.0133119431045
785,wide_open,late_last_year,0.0125836730831,0.0133119431045
786,perform_abortions,us_environmental_protection_agency,0.0125836730831,0.0133119431045
787,highest_levels,intellectual_property,0.0125603267508,0.0132836198213
788,september_15_2016,wednesday_evening,0.0125603267508,0.0132836198213
789,human_history,universal_health_care,0.0125136340863,0.0132836198213
790,email_exchange,disorderly_conduct,0.0125136340863,0.0132552965381
791,tough_guy,financial_sector,0.0125136340863,0.0132552965381
792,didnt_realize,climate_activists,0.0125136340863,0.0132552965381
793,rush_yeah,collateral_damage,0.0125015455,0.0132552965381
794,long_island,popular_culture,0.0124669414218,0.0132269732549
795,61_percent,environmental_issues,0.0124669414218,0.0132269732549
796,womans_right,berta_cceres,0.0124669414218,0.0132269732549
797,september_11_2001,less_than_1,0.0124435950896,0.0132269732549
798,august_31_2016,cultural_appropriation,0.0124435950896,0.0132269732549
799,campaign_contributions,sen_rand_paul,0.0124435950896,0.0131986499717
800,radical_islamic_terrorists,victory_speech,0.0124435950896,0.0131986499717
801,join_isis,transgender_individuals,0.0123969024251,0.0131986499717
802,private_email_account,chip_somodevillagetty_images,0.0123969024251,0.0131986499717
803,september_26_2016,last_week_tonight,0.0123969024251,0.0131703266885
804,ballot_box,raising_money,0.0123735560928,0.0131703266885
805,sen_cruz,bree_newsome,0.0123735560928,0.0131420034053
806,analysts_say,civilian_casualties,0.0123502097606,0.0131420034053
807,200_million,college_education,0.0123502097606,0.0130853568389
808,sexual_misconduct,everyday_life,0.0123268634283,0.0130570335557
809,63_percent,scientific_consensus,0.0123268634283,0.0130570335557
810,second_half,entirely_different,0.0123268634283,0.0130570335557
811,coming_together,extreme_weather_events,0.0123035170961,0.0130570335557
812,public_education,per_se,0.0123035170961,0.0130570335557
813,tim_tebow,nowhere_near,0.0123035170961,0.0130287102725
814,racial_discrimination,much_lower,0.0123035170961,0.0130287102725
815,nobody_else,climate_deniers,0.0122801707638,0.0130003869893
816,november_13_2015,samantha_bee,0.0122801707638,0.0130003869893
817,muslim_communities,gas_companies,0.0122801707638,0.0130003869893
818,close_friend,last_august,0.0122801707638,0.0129720637061
819,december_2_2015,million_acres,0.0122568244316,0.0129720637061
820,sean_smith,5_billion,0.0122334780993,0.0129720637061
821,911_call,comic_book,0.0122334780993,0.0129720637061
822,gay_community,youd_think,0.0122334780993,0.0129437404229
823,past_weekend,viola_davis,0.0122334780993,0.0129437404229
824,young_age,assault_rifles,0.0122101317671,0.0129437404229
825,dallas_morning_news,nothing_less,0.0122101317671,0.0129154171397
826,en_route,charleston_sc,0.0122101317671,0.0129154171397
827,october_4_2016,community_service,0.0121867854348,0.0129154171397
828,april_14_2016,rooftop_solar,0.0121867854348,0.0129154171397
829,nice_france,southeast_asia,0.0121867854348,0.0128870938565
830,fourth_quarter,gretchen_carlson,0.0121634391026,0.0128870938565
831,saturday_afternoon,quite_frankly,0.0121634391026,0.0128870938565
832,june_21_2016,emanuel_ame_church,0.0121634391026,0.0128870938565
833,charleston_sc,second_half,0.0121400927703,0.0128870938565
834,nothing_less,lets_start,0.0121400927703,0.0128587705733
835,devout_muslim,red_meat,0.0121400927703,0.0128587705733
836,perfect_example,contested_convention,0.0121400927703,0.0128304472901
837,highest_office,chelsea_manning,0.0121400927703,0.0128304472901
838,north_koreas,least_five,0.0121167464381,0.0128304472901
839,senator_sanders,beverly_hills,0.0121167464381,0.0128021240069
840,public_eye,new_hampshire_primary,0.0121167464381,0.0128021240069
841,national_review_online,wind_power,0.0121167464381,0.0127738007237
842,full_interview,big_corporations,0.0121167464381,0.0127738007237
843,abundantly_clear,century_ago,0.0121167464381,0.0127454774405
844,twitter_feed,coconut_oil,0.0120934001058,0.0127454774405
845,step_forward,mexican_government,0.0120934001058,0.0127454774405
846,follow_casey_on_twitter,special_session,0.01207498358,0.0127171541573
847,republican_presidential_hopeful,main_street,0.0120700537736,0.0127171541573
848,democrat_presidential_candidate,bill_gates,0.0120700537736,0.0127171541573
849,national_television,karl_rove,0.0120700537736,0.0127171541573
850,september_21_2016,climate_scientist,0.0120467074413,0.0126888308741
851,syrian_rebels,rising_sea_levels,0.0120467074413,0.0126888308741
852,said_last_week,sea-level_rise,0.0120233611091,0.0126888308741
853,partys_nomination,instagram_post,0.0120233611091,0.0126888308741
854,september_2_2016,water_supplies,0.0120233611091,0.0126605075909
855,standing_ovation,scott_olsongetty_images,0.0120000147768,0.0126605075909
856,far_too_many,article_originally_appeared,0.0120000147768,0.0126321843077
857,two_years_later,blind_eye,0.0120000147768,0.0126038610245
858,june_22_2016,developing_story,0.0120000147768,0.0126038610245
859,several_hundred,co2_emissions,0.0120000147768,0.0126038610245
860,june_28_2016,coal-fired_power_plants,0.0119766684446,0.0126038610245
861,getting_heart_lung,asian_americans,0.0119766684446,0.0126038610245
862,march_29_2016,oil_gas,0.0119533221123,0.0126038610245
863,convention_floor,holiday_season,0.0119533221123,0.0125755377413
864,numerous_times,eastern_europe,0.0119533221123,0.0125755377413
865,life_liberty,last_june,0.0119533221123,0.0125755377413
866,create_jobs,labor_market,0.0119533221123,0.0125472144581
867,candidate_bernie_sanders,expressed_concern,0.0119533221123,0.0125472144581
868,nations_capital,centered_around,0.0119299757801,0.0125472144581
869,orlando_nightclub,72_percent,0.0119066294478,0.0125472144581
870,entirely_different,general_counsel,0.0119066294478,0.0125188911749
871,mexican_government,equality_act,0.0119066294478,0.0125188911749
872,august_15_2016,institutional_racism,0.0119066294478,0.0125188911749
873,less_than_1,thursday_evening,0.0119066294478,0.0125188911749
874,hillarys_health,partys_nominee,0.0119066294478,0.0125188911749
875,june_20_2016,late_1990s,0.0118832831156,0.0124905678917
876,april_27_2016,monday_evening,0.0118832831156,0.0124905678917
877,coal_miners,music_industry,0.0118599367833,0.0124622446085
878,march_16_2016,911_call,0.0118599367833,0.0124622446085
879,box_office,coral_reefs,0.0118599367833,0.0124622446085
880,criminal_history,us_foreign_policy,0.0118599367833,0.0124622446085
881,saudi_government,racial_disparities,0.0118599367833,0.0124622446085
882,sen_bernie_sanders_i_vt,eddie_glaude,0.0118452963924,0.0124597119076
883,arab_spring,increased_risk,0.0118365904511,0.0124339213253
884,central_command,house_committee,0.0118132441188,0.0124339213253
885,march_23_2016,issues_facing,0.0118132441188,0.0124055980421
886,walking_around,financial_industry,0.0118132441188,0.0124055980421
887,ronda_rousey,minority_communities,0.0118132441188,0.0124055980421
888,october_6_2016,theres_no_reason,0.0117898977866,0.0124055980421
889,el_paso,coming_weeks,0.0117898977866,0.0123772747589
890,hot_water,developing_world,0.0117665514543,0.0123772747589
891,fox_news_poll,public_integrity,0.0117665514543,0.0123772747589
892,african-american_community,military_intervention,0.0117665514543,0.0123772747589
893,news_organizations,student_loan_debt,0.0117665514543,0.0123772747589
894,almost_entirely,low-income_families,0.0117665514543,0.0123489514757
895,republican_primaries,fourth_amendment,0.0117432051221,0.0123489514757
896,much_attention,vermont_senator_bernie_sanders,0.0117198587898,0.0123489514757
897,jeb_bushs,indigenous_communities,0.0116965124576,0.0123206281925
898,big_difference,khizr_khan,0.0116965124576,0.0123206281925
899,liver_because_we_know,confederate_battle_flag,0.0116965124576,0.0123206281925
900,breitbart_reported,97_percent,0.0116965124576,0.0123206281925
901,amoris_laetitia,carbon_footprint,0.0116731661253,0.0122923049093
902,october_17_2016,graduate_student,0.0116731661253,0.0122923049093
903,150_billion,got_married,0.0116731661253,0.0122923049093
904,south_florida,make_ends_meet,0.0116731661253,0.0122639816261
905,worst_thing,jeb_bushs,0.0116731661253,0.0122639816261
906,june_24_2016,federal_authorities,0.0116731661253,0.0122639816261
907,blood_clot,several_years_ago,0.0116498197931,0.0122639816261
908,within_hours,us-mexico_border,0.0116264734608,0.0122356583429
909,questioned_whether,warner_bros,0.0116264734608,0.0122073350597
910,whats_wrong,clean_air_act,0.0116264734608,0.0122073350597
911,killed_at_least,little_less,0.0116264734608,0.0122073350597
912,national_attention,close_friend,0.0116264734608,0.0122073350597
913,february_26_2016,atlas_obscura,0.0116031271286,0.0121790117765
914,business_model,wrong_side,0.0116031271286,0.0121790117765
915,great_depression,congressional_black_caucus,0.0116031271286,0.0121790117765
916,august_10_2016,energy_companies,0.0116031271286,0.0121790117765
917,german_chancellor_angela_merkel,medical_treatment,0.0115797807963,0.0121790117765
918,human_rights_campaign,david_bowie,0.0115797807963,0.0121790117765
919,assault_rifles,en_masse,0.0115564344641,0.0121790117765
920,money_laundering,critical_condition,0.0115564344641,0.0121223652101
921,johns_hopkins,michele_bachmann,0.0115564344641,0.0121223652101
922,federal_employees,least_10,0.0115564344641,0.0121223652101
923,free_stuff,ellen_degeneres,0.0115330881318,0.0121223652101
924,mitt_romneys,managing_editor,0.0115330881318,0.0121223652101
925,times_square,image_by_gage_skidmore,0.0115330881318,0.012101445431
926,medical_professionals,since_2007,0.0115097417996,0.0120940419269
927,us_air_force,natural_disasters,0.0115097417996,0.0120940419269
928,august_23_2016,us_embassy,0.0115097417996,0.0120657186437
929,real_reason,top_1_percent,0.0115097417996,0.0120657186437
930,march_12_2016,national_enquirer,0.0115097417996,0.0120373953605
931,28_pages,air_conditioning,0.0115097417996,0.0120373953605
932,two_sides,national_park_service,0.0114863954673,0.0120373953605
933,third_quarter,perfect_example,0.0114630491351,0.0120373953605
934,cnn_poll,could_no_longer,0.0114630491351,0.0120373953605
935,cns_news,tax_revenue,0.0114630491351,0.0120090720773
936,rosie_odonnell,criminal_activity,0.0114397028028,0.0120090720773
937,since_2007,60_million,0.0114397028028,0.0120090720773
938,fox_friends_foxandfriends,falsely_claimed,0.0114397028028,0.0120090720773
939,september_28_2016,sex_discrimination,0.0114397028028,0.0120090720773
940,august_2_2016,bombing_campaign,0.0114163564706,0.0119807487941
941,evangelical_christians,issuing_marriage_licenses,0.0114163564706,0.0119524255109
942,neil_cavuto,poverty_rate,0.0113930101383,0.0119524255109
943,church_teaching,nt_ask,0.0113930101383,0.0119524255109
944,philando_castile,50_people,0.0113696638061,0.0119241022277
945,may_3_2016,real_reason,0.0113696638061,0.0119241022277
946,islamic_center,high_rates,0.0113463174738,0.0119241022277
947,mass_immigration,seneca_lake,0.0113463174738,0.0119024084996
948,last_july,orlando_massacre,0.0113229711416,0.0118957789445
949,jimmy_kimmel,austin_texas,0.0113229711416,0.0118957789445
950,controversy_surrounding,70_years,0.0113229711416,0.0118957789445
951,pregnant_woman,suspected_terrorists,0.0112996248093,0.0118957789445
952,nobody_knows,porter_ranch,0.0112996248093,0.0118957789445
953,miley_cyrus,ralph_nader,0.0112996248093,0.0118957789445
954,active_tb,janet_jackson,0.0112546721955,0.0118957789445
955,give_birth,fellow_citizens,0.0112529321448,0.0118957789445
956,crime_scene,american_exceptionalism,0.0112529321448,0.0118957789445
957,late_last_year,pop_star,0.0112529321448,0.0118957789445
958,peoples_lives,police_arrived,0.0112295858126,0.0118674556613
959,presumptive_gop_nominee_donald,national_academy,0.0112295858126,0.0118391323781
960,dana_loesch_dloesch,becoming_increasingly,0.0112062394803,0.0118391323781
961,political_campaigns,across_europe,0.0112062394803,0.0118391323781
962,sexual_activity,almost_exclusively,0.0112062394803,0.0118391323781
963,february_2_2016,spread_across,0.0112062394803,0.0118391323781
964,susan_b_anthony_list,jesse_jackson,0.0111828931481,0.0118108090949
965,babies_born,much_smaller,0.0111828931481,0.0118108090949
966,ca_nt_get,recent_polls,0.0111828931481,0.0118108090949
967,gets_worse,unarmed_black_man,0.0111828931481,0.0118108090949
968,fellow_republicans,last_september,0.0111828931481,0.0118108090949
969,prime_time,tax_policy,0.0111828931481,0.0118108090949
970,wrong_direction,shade_room_theshaderoom,0.0111595468158,0.0117829863407
971,committed_suicide,mr_obama,0.0111595468158,0.0117824858117
972,next_morning,chicago_police_department,0.0111595468158,0.0117824858117
973,deputy_director,modern_history,0.0111595468158,0.0117541625285
974,terror_watch_list,marine_life,0.0111362004836,0.0117541625285
975,holiday_season,save_lives,0.0111362004836,0.0117541625285
976,september_18_2016,twitter_feed,0.0111362004836,0.0117541625285
977,transgender_individuals,67_percent,0.0111362004836,0.0117541625285
978,study_published,revolving_door,0.0111362004836,0.0117541625285
979,october_22_2015,environmental_quality,0.0111362004836,0.0117258392453
980,assault_weapons_ban,deputy_director,0.0111128541513,0.0117258392453
981,already_begun,arab_spring,0.0111128541513,0.0117258392453
982,care_less,business_interests,0.0111128541513,0.0117258392453
983,baby_boy,brennan_center,0.0111128541513,0.0117258392453
984,commit_suicide,highest_office,0.0110895078191,0.0117258392453
985,white_house_said,convenience_store,0.0110895078191,0.0116975159621
986,major_cities,american_legislative_exchange,0.0110895078191,0.0116975159621
987,domestic_terrorism,grand_canyon,0.0110895078191,0.0116975159621
988,catholic_faith,public_figures,0.0110895078191,0.0116691926789
989,august_1_2016,59_percent,0.0110661614868,0.0116691926789
990,ashley_madison,full_frontal,0.0110661614868,0.0116408693957
991,august_24_2016,2016_presidential_race,0.0110661614868,0.0116408693957
992,nobody_wants,filed_suit,0.0110428151546,0.0116408693957
993,bob_dole,howard_university,0.0110428151546,0.0116408693957
994,terrorist_threat,whats_wrong,0.0110428151546,0.0116408693957
995,senate_committee,study_conducted,0.0110194688223,0.0116408693957
996,february_10_2016,last_resort,0.0110194688223,0.0116408693957
997,immigration_status,care_less,0.0110194688223,0.0116125461125
998,wrong_side,90_days,0.0110194688223,0.0116125461125
999,several_years_ago,dark_side,0.0110194688223,0.0116125461125
